name,min_env_humid,max_env_humid,min_light_lux,max_light_lux,min_temp,max_temp
Acanthocereus tetragonus 'Fairy Castles',15,80,3000,100000,5,35
Adi violet wax,30,80,3000,50000,5,32
Aechmea chantinii 'Samuri',30,85,800,27000,10,37
Aechmea fulgens,30,85,800,27000,10,37
Aeonium arboreum,15,80,3000,80000,5,35
Aeonium arboreum 'Atropureum',15,80,2800,80000,6,35
Aeonium decorum f. variegata,15,80,3800,85000,6,35
Aeonium sedifolium,15,80,3200,80000,5,35
Aeonium urbicum,15,80,3000,80000,5,35
Agastache foeniculum,30,80,4000,60000,5,35
Agastache Hybrids 'Sandstone',30,80,4000,60000,5,35
Agastache Hybrids 'Sun',30,80,4000,60000,5,35
Agastache Hybrids 'Sunset',30,80,4000,60000,5,35
Agastache mexicana,30,80,4000,60000,5,35
Agastache rugosa,30,80,4000,60000,5,35
Agastache rupestris,30,80,4000,60000,5,35
Agastache x,30,80,4000,60000,5,35
Agave americana,15,80,3500,75000,7,35
Agave americana var.marginata,15,80,3500,75000,7,35
Agave americana var.marginata alba,15,80,3500,75000,7,35
Agave attenuata,15,80,3500,75000,7,35
Agave macroacantha,15,80,3500,75000,7,35
Agave stricta,15,80,3500,75000,7,35
Agave univittata,15,80,3500,75000,7,35
Aglaonema commutatum 'Pseudobracteatum',30,85,2000,25000,12,32
Aglaonema commutatum cv.Silver Queen,30,85,2000,25000,12,32
Aglaonema nitidum,30,85,1500,25000,12,32
Aglaonema sp,30,85,2000,25000,12,32
Ajania pacifica,15,80,3000,55000,8,32
Alcea 'Apricot',30,80,2500,30000,10,32
Alcea 'Carmine Roset',30,80,2500,30000,10,32
Alcea 'Crimson',30,80,2500,30000,10,32
Alcea 'Formula Mixture',30,80,2500,30000,10,32
Alcea 'Lemon',30,80,2500,30000,10,32
Alcea 'Lilac',30,80,2500,30000,10,32
Alcea 'Pink',30,80,2500,30000,10,32
Alcea 'Purple',30,80,2500,30000,10,32
Alcea 'Rose',30,80,2500,30000,10,32
Alcea 'White',30,80,2500,30000,10,32
Alcea rosea,30,80,2500,30000,10,32
Alocasia macrorrhizos,30,85,1000,22500,10,32
Aloe arborescens,15,80,3000,70000,8,35
Aloe aristata,15,80,3000,70000,8,35
Aloe brevifolia,15,80,3000,70000,8,35
Aloe broomii,15,80,3000,70000,8,35
Aloe dichotoma,15,80,3000,70000,8,35
Aloe erinacea,15,80,1500,36000,8,35
Aloe ferox,15,80,3000,70000,8,35
Aloe L.,15,80,1500,35000,8,35
Aloe maculata,15,80,3000,70000,8,35
Aloe marlothii,15,80,3000,70000,8,35
Aloe nobilis,15,80,1500,36000,8,35
Aloe polyphylla,15,80,3000,70000,8,35
Aloe squarrosa,15,80,3000,70000,8,35
Aloe striata,15,80,3000,70000,8,35
Aloe vera,15,80,3000,70000,8,35
Alternanthera ficoidea,30,85,3600,50000,10,32
Amygdalus persica,30,80,2500,60000,5,35
Anacampseros rufescens f. variegata,15,80,3500,65000,5,35
Ananas comosus cv. Variegata,30,85,800,27000,10,37
Anemone hupehensis var. japonica,30,80,2000,50000,8,32
Anisodontea capensis,30,80,2300,55000,5,35
Anthurium andraeanum,30,85,1500,35000,15,32
Anthurium andraeanum 'Alabama pink',30,85,1500,35000,15,32
Anthurium andraeanum 'Alabama',30,85,1500,35000,15,32
Anthurium andraeanum 'Almera',30,85,1500,35000,15,32
Anthurium andraeanum 'Amis',30,85,1500,35000,15,32
Anthurium andraeanum 'Aramon',30,85,1500,35000,15,32
Anthurium andraeanum 'Arion',30,85,1500,35000,15,32
Anthurium andraeanum 'Aristo',30,85,1500,35000,15,32
Anthurium andraeanum 'Bambino red',30,85,1500,35000,15,32
Anthurium andraeanum 'Beliza',30,85,1500,35000,15,32
Anthurium andraeanum 'Bianco',30,85,1500,35000,15,32
Anthurium andraeanum 'California',30,85,1500,35000,15,32
Anthurium andraeanum 'Cavalli',30,85,1500,35000,15,32
Anthurium andraeanum 'Cherry champion',30,85,1500,35000,15,32
Anthurium andraeanum 'Cirano',30,85,1500,35000,15,32
Anthurium andraeanum 'Colorado',30,85,1500,35000,15,32
Anthurium andraeanum 'Edison',30,85,1500,35000,15,32
Anthurium andraeanum 'Elido',30,85,1500,35000,15,32
Anthurium andraeanum 'Eternity',30,85,1500,35000,15,32
Anthurium andraeanum 'Felicita',30,85,1500,35000,15,32
Anthurium andraeanum 'Fiesta',30,85,1500,35000,15,32
Anthurium andraeanum 'Fiorino',30,85,1500,35000,15,32
Anthurium andraeanum 'Joli peach',30,85,1500,35000,15,32
Anthurium andraeanum 'Joli',30,85,1500,35000,15,32
Anthurium andraeanum 'Leganza',30,85,1500,35000,15,32
Anthurium andraeanum 'Madural orange',30,85,1500,35000,15,32
Anthurium andraeanum 'Madural',30,85,1500,35000,15,32
Anthurium andraeanum 'Missouri',30,85,1500,35000,15,32
Anthurium andraeanum 'Mont blanc',30,85,1500,35000,15,32
Anthurium andraeanum 'Montana',30,85,1500,35000,15,32
Anthurium andraeanum 'Namora',30,85,1500,35000,15,32
Anthurium andraeanum 'Oklahoma',30,85,1500,35000,15,32
Anthurium andraeanum 'Orange champion',30,85,1500,35000,15,32
Anthurium andraeanum 'Otazu',30,85,1500,35000,15,32
Anthurium andraeanum 'Pandola',30,85,1500,35000,15,32
Anthurium andraeanum 'Piccolo',30,85,1500,35000,15,32
Anthurium x ferrierense,30,85,1500,35000,15,32
Antirrhinum majus,30,80,2500,50000,5,35
Antirrhinum pink,30,80,2500,50000,5,35
Antirrhinum white,30,80,2500,50000,5,35
Antirrhinum yellow,30,80,2500,50000,5,35
Armeniaca mume,30,80,2500,60000,6,32
Armeniaca mume var. alphandii,30,80,3000,65000,5,32
Armeniaca mume var. mume f. purpurea,30,80,3000,65000,6,32
Asarina antirrhiniflora,30,80,2500,50000,5,35
Asparagus setaceus,30,85,500,15000,10,32
Aspidistra elatior,30,85,2000,7000,7,32
Asplenium nidus,30,85,500,12000,10,35
Aster novi belgii,30,80,3000,55000,8,32
Astridia velutina,15,80,2000,65000,8,35
Astrophytum capricorne,15,80,3000,100000,5,35
Astrophytum myriostigma,15,80,3500,60000,5,35
Atar early white,30,80,3000,50000,5,32
Aylet white,30,80,3000,50000,5,32
Baccharis halimifolia,15,80,3000,55000,8,32
Baileya multiradiata,15,80,3000,55000,8,32
Bauhinia blakeana,30,80,3000,60000,5,35
Begonia boliviensis,30,85,2000,35000,10,32
Begonia coccinea,30,85,2000,35000,10,32
Begonia maculata Raddi,30,85,2000,35000,10,32
Begonia rex cultorum,30,85,800,40000,10,32
Begonia tuberhybrida,30,85,2000,35000,10,32
Bellis perennis,15,80,3000,55000,8,32
Bergeranthus artus,15,80,3500,50000,5,35
Bergeranthus multiceps,15,80,3500,50000,5,35
Bergeranthus scapiger,15,80,3500,50000,5,35
Billbergia nutans,30,85,800,27000,10,37
Billbergia pyramidalis,30,85,800,27000,10,37
Boltonia asteroides,15,80,3000,55000,8,32
Bombax ceiba,30,80,4000,60000,5,35
Bougainvillea spp.,30,80,3000,70000,5,35
Brachyscome 'Brasco Violet',15,80,3000,55000,8,32
Brassica campestris,30,80,4000,60000,5,35
Brassica napus,30,80,4000,60000,5,35
Bromeliad,30,85,800,27000,10,37
Brugmansia arborea,30,80,3000,60000,5,35
Brugmansia suaveolens,30,80,3000,60000,5,35
Bryophyllum pinnatum,15,80,3200,80000,8,35
Bulbophyllum radiatum,30,85,2000,10000,8,35
Burgundy Phalaenopsis,30,85,2000,30000,15,32
Buxus harlandii,30,85,4000,50000,5,35
Buxus megistophylla,30,85,4000,50000,5,35
Buxus microphylla,30,85,4000,50000,5,35
Buxus microphylla var. insularis,30,85,4000,50000,5,35
Buxus microphylla var. japonica,30,85,4000,50000,5,35
Buxus microphylla var. koreana,30,85,4000,50000,5,35
Buxus sempervirens,30,85,4000,50000,5,35
Buxus sinica,30,85,4000,50000,5,35
Calendula officinalis,30,80,3000,60000,5,35
Callistephus chinensis,15,80,3000,55000,8,32
Calycanthus floridus,30,80,3000,50000,5,32
Calycanthus occidentalis,30,80,3000,50000,5,32
Camelia Shibaxueshi,30,80,2000,25000,6,35
Camellia azalea,30,80,2000,25000,6,35
Camellia granthamiana,30,80,2000,25000,6,35
Camellia grijsii,30,80,2000,25000,6,35
Camellia japonica,30,80,2000,25000,6,35
Camellia nitidissima,30,80,2000,25000,6,35
Camellia spp.,30,80,2000,25000,6,35
Camellia var. chidan,30,80,2000,40000,5,35
Capsicum annuum,30,80,3000,95000,10,35
Capsicum baccatum,30,80,3500,120000,10,35
Capsicum Bomba yellow red,30,80,3000,95000,10,35
Capsicum chinense,30,80,3500,120000,10,35
Capsicum Cubana Deep Orange,30,80,3000,95000,10,35
Capsicum Cubana Mixture,30,80,3000,95000,10,35
Capsicum Cubana Multicolour Orange,30,80,3000,95000,10,35
Capsicum Cubana Multicolour Red,30,80,3000,95000,10,35
Capsicum Cubana Red,30,80,3000,95000,10,35
Capsicum Cubana Yellow,30,80,3000,95000,10,35
Capsicum Favorit Deep Orange,30,80,3000,95000,10,35
Capsicum Favorit Mixture,30,80,3000,95000,10,35
Capsicum Favorit Orange,30,80,3000,95000,10,35
Capsicum Favorit Purple Red 'GT58',30,80,3000,95000,10,35
Capsicum Favorit Yellow,30,80,3000,95000,10,35
Capsicum Favorit Yellow Red 'GT57',30,80,3000,95000,10,35
Capsicum frutescens,30,80,3500,120000,10,35
Capsicum Mambo orange,30,80,3000,95000,10,35
Capsicum Mambo Purple Orange,30,80,3000,95000,10,35
Capsicum Mambo Purple Red,30,80,3000,95000,10,35
Capsicum Salsa Conga,30,80,3000,95000,10,35
Capsicum Salsa Deep Orange,30,80,3000,95000,10,35
Capsicum Salsa Mixture,30,80,3000,95000,10,35
Capsicum Salsa red,30,80,3000,95000,10,35
Capsicum Salsa yellow,30,80,3000,95000,10,35
Capsicum Tango Deep Orange,30,80,3000,95000,10,35
Capsicum Tango yellow,30,80,3000,95000,10,35
Caryota ochlandra,30,85,2000,7000,5,35
Centaurea cyanus,15,80,3000,55000,8,32
Centaurea dealbata,15,80,3000,55000,8,32
Centaurea jacea,15,80,3000,55000,8,32
Centaurea macrocephala,15,80,3000,55000,8,32
Centaurea montana,15,80,3000,55000,8,32
Centaurea scabiosa,15,80,3000,55000,8,32
Centratherum intermedium,15,80,3000,55000,8,32
Cephalocereus senilis,15,80,3000,100000,8,35
Cercis canadensis,30,80,4000,60000,5,35
Cercis chinensis,30,80,4000,60000,5,35
Cercis occidentalis,30,80,4000,60000,5,35
Cereus sp.f.menst,15,80,3000,100000,8,35
Ceropegia woodii,15,80,2500,35000,8,35
Chamaedorea elegans,30,85,800,22000,10,32
Champagne mini rose,30,80,3000,60000,8,35
Chimonanthus praecox,30,80,3000,50000,5,32
Chlorophytum comosum,30,85,500,30000,10,32
Chlorophytum comosum 'green',30,85,500,30000,10,32
Chlorophytum comosum 'Variegatum',30,85,500,30000,10,32
Chrysanthemum 'Adriano',15,80,3000,55000,8,32
Chrysanthemum 'Anderson Creme',15,80,3000,55000,8,32
Chrysanthemum 'Anderson White',15,80,3000,55000,8,32
Chrysanthemum 'Arobaz',15,80,3000,55000,8,32
Chrysanthemum 'Aurelio',15,80,3000,55000,8,32
Chrysanthemum 'Baltazar',15,80,3000,55000,8,32
Chrysanthemum 'Barbosa',15,80,3000,55000,8,32
Chrysanthemum 'Borilli',15,80,3000,55000,8,32
Chrysanthemum 'Cafu',15,80,3000,55000,8,32
Chrysanthemum 'Castilho White',15,80,3000,55000,8,32
Chrysanthemum 'Castilho',15,80,3000,55000,8,32
Chrysanthemum 'Cesar',15,80,3000,55000,8,32
Chrysanthemum 'Domingos',15,80,3000,55000,8,32
Chrysanthemum 'Elber',15,80,3000,55000,8,32
Chrysanthemum 'Ferreira',15,80,3000,55000,8,32
Chrysanthemum 'Julio',15,80,3000,55000,8,32
Chrysanthemum 'Marangon',15,80,3000,55000,8,32
Chrysanthemum 'Neves',15,80,3000,55000,8,32
Chrysanthemum 'Pico Casa',15,80,3000,55000,8,32
Chrysanthemum 'Pico Exota Pink',15,80,3000,55000,8,32
Chrysanthemum 'Pico Exota White',15,80,3000,55000,8,32
Chrysanthemum 'Pico Mundo',15,80,3000,55000,8,32
Chrysanthemum 'Pico Tropico',15,80,3000,55000,8,32
Chrysanthemum 'Pico Uno',15,80,3000,55000,8,32
Chrysanthemum 'Robinho Pink',15,80,3000,55000,8,32
Chrysanthemum 'Robinho Red',15,80,3000,55000,8,32
Chrysanthemum 'Summer Surpise Coconut',15,80,3000,55000,8,32
Chrysanthemum 'Summer Surpise Regatta',15,80,3000,55000,8,32
Cleistocactus strausii,15,80,3000,100000,8,35
Clematis alpina,30,80,1800,45000,6,35
Clematis chrysocoma,30,80,1800,45000,6,35
Clematis cirrhosa,30,80,1800,45000,6,35
Clematis flammula,30,80,1800,45000,6,35
Clematis florida,30,80,1800,45000,6,35
Clematis lanuginosa,30,80,1800,45000,6,35
Clematis macropetala,30,80,1800,45000,6,35
Clematis napaulensis,30,80,1800,45000,6,35
Clematis orientalis,30,80,1800,45000,6,35
Clematis paniculata,30,80,1800,45000,6,35
Clematis recta,30,80,1800,45000,6,35
Clematis tangutica,30,80,1800,45000,6,35
Clematis terniflora,30,80,1800,45000,6,35
Clematis virginiana,30,80,1800,45000,6,35
Clematis vitalba,30,80,1800,45000,6,35
Clematis viticella,30,80,1800,45000,6,35
Clerodendrum bungei,30,80,2500,30000,8,32
Clivia miniata,30,85,1500,25000,10,32
Coleus 'Formula Mixture',30,85,3600,50000,10,35
Coleus 'Limelight',30,85,3600,50000,10,35
Coleus 'Magma',30,85,3600,50000,10,35
Coleus 'Marble',30,85,3600,50000,10,35
Coleus 'Palisandra',30,85,3600,50000,10,35
Coleus 'Rustic Red',30,85,3600,50000,10,35
Conophytum burgeri,15,80,3500,60000,5,35
Convallaria majalis,30,80,3000,20000,5,35
Copiapoa cinerea,15,80,3000,100000,5,35
Cotyledon ladismithiensis var. iegata,15,80,3000,70000,10,35
Cotyledon orbiculata var. oophylla,15,80,3700,65000,5,35
Cotyledon tomentosa,15,80,3000,70000,8,35
Crassula 'Pagoda Village',15,80,3500,80000,5,35
Crassula arborescens Willd,15,80,4000,90000,6,35
Crassula capitella 'Campfire',15,80,4000,75000,5,35
Crassula conjuncta,15,80,2800,75000,5,35
Crassula fusca,15,80,3500,80000,5,35
Crassula lycopodioides,15,80,2900,60000,5,35
Crassula marnieriana,15,80,2800,75000,6,35
Crassula mesembrianthoides subsp. Hispida,15,80,3500,80000,5,35
Crassula mesembryanthoides ssp. hispida,15,80,3500,80000,5,35
Crassula nudicaulis var. herrei,15,80,3600,60000,8,35
Crassula Obliqua 'Gollum',15,80,4000,80000,5,35
Crassula ovata,15,80,3000,130000,8,35
crassula pastel,15,80,2500,70000,6,35
Crassula pyramidalis Thunb,15,80,2900,60000,5,35
Crassula rogersii,15,80,3500,80000,5,35
Crassula rupestris 'Tom thumb',15,80,2500,70000,6,35
Crinum asiaticum,30,80,2500,50000,8,32
Crocus 'Flower Record',30,80,2500,30000,6,35
Crocus 'Jeanne D'Arc',30,80,2500,30000,6,35
Crocus 'Pickwick',30,80,2500,30000,6,35
Crocus spp.,30,80,2500,30000,6,35
Crocus vernus 'Flower Record',30,80,2500,30000,6,35
Crocus vernus 'King of the Striped',30,80,2500,30000,6,35
Cryptanthus bivittatus 'Red Star',30,85,800,27000,10,37
Cucumber Bon Odori F1,30,80,3500,85000,6,35
Cucumis sativus,30,80,3500,85000,6,35
Cycas circinalis,30,85,3500,65000,6,32
Cycas revoluta,30,85,3500,65000,6,32
Cylindropuntia imbricata,15,80,3000,100000,8,35
Cylindropuntia leptocaulis,15,80,3000,100000,8,35
Cymbidium aloifolium,30,85,800,25000,8,32
Cymbidium bicolor,30,85,800,25000,8,32
Cymbidium cochleare,30,85,800,25000,8,32
Cymbidium cyperifolium,30,85,800,25000,8,32
Cymbidium dayanum,30,85,800,25000,8,32
Cymbidium defoliatum,30,85,800,25000,8,32
Cymbidium eburneum,30,85,800,25000,8,32
Cymbidium elegans,30,85,800,25000,8,32
Cymbidium ensifolium,30,85,4000,35000,8,32
Cymbidium erythraeum,30,85,800,25000,8,32
Cymbidium faberi,30,85,800,25000,8,32
Cymbidium floribundum,30,85,800,25000,8,32
Cymbidium goeringii,30,85,2500,32000,8,32
Cymbidium goeringii var longibracteatum,30,85,800,20000,8,32
Cymbidium hookerianum,30,85,800,25000,8,32
Cymbidium hybridum,30,85,800,25000,8,32
Cymbidium insigne,30,85,800,25000,8,32
Cymbidium iridioides,30,85,800,25000,8,32
Cymbidium kanran,30,85,800,25000,8,32
Cymbidium lancifolium,30,85,800,25000,8,32
Cymbidium lianpan,30,85,800,25000,5,32
Cymbidium Lianpan cv.'LiMingXinDie',30,85,800,25000,5,32
Cymbidium lowianum,30,85,800,25000,8,32
Cymbidium macrorhizon,30,85,800,25000,8,32
Cymbidium mastersii,30,85,800,25000,8,32
Cymbidium nanulum,30,85,800,25000,8,32
Cymbidium qiubeiense,30,85,800,25000,8,32
Cymbidium sinense,30,85,800,20000,8,32
Cymbidium spp.,30,85,800,32000,8,32
Cymbidium suavissimum,30,85,800,25000,8,32
Cymbidium tigrinum,30,85,800,25000,8,32
Cymbidium tracyanum,30,85,800,25000,8,32
Cymbidium wenshanense,30,85,800,25000,8,32
Cymbidium wilsonii,30,85,800,25000,8,32
Cymbidiumensifolium,30,85,800,25000,5,32
Dahia pinnata,15,80,3000,35000,5,35
Dahlia 'Bermuda Beach',15,80,3000,35000,5,35
Dahlia 'Corona Beach',15,80,3000,35000,5,35
Dahlia 'Laguna Beach',15,80,3000,35000,5,35
Dahlia 'Lover Beach',15,80,3000,35000,5,35
Dahlia 'Palm Beach',15,80,3000,35000,5,35
Dahlia 'Pebble Beach',15,80,3000,35000,5,35
Dahlia 'Waikiki Beach',15,80,3000,35000,5,35
Dahlia spp.,15,80,3000,35000,5,35
Datura innoxia,30,80,3000,60000,5,35
Datura stramonium,30,80,3000,60000,8,35
Della white pink,30,80,3000,50000,5,32
Delphinium Aurora F1 blue,30,80,3000,50000,5,35
Delphinium Aurora F1 Deep Purple,30,80,3000,50000,5,35
Delphinium Aurora F1 Lavender,30,80,3000,50000,5,35
Delphinium Aurora F1 Light Blue,30,80,3000,50000,5,35
Delphinium Aurora F1 Mauve,30,80,3000,50000,5,35
Delphinium Aurora F1 White,30,80,3000,50000,5,35
Delphinium Centurion F1 Gentian Blue,30,80,3000,50000,5,35
Delphinium Centurion F1 Lavender,30,80,3000,50000,5,35
Delphinium Centurion F1 Rose,30,80,3000,50000,5,35
Delphinium Centurion F1 Sky Blue,30,80,3000,50000,5,35
Delphinium Centurion F1 White,30,80,3000,50000,5,35
Delphinium Delphi's Blue Power,30,80,3000,50000,5,35
Delphinium Delphi's Diamant,30,80,3000,50000,5,35
Delphinium Delphi's Emerald,30,80,3000,50000,5,35
Delphinium Delphi's Evening light,30,80,3000,50000,5,35
Delphinium Delphi's Hollands Glorie,30,80,3000,50000,5,35
Delphinium Delphi's Jewel,30,80,3000,50000,5,35
Delphinium Delphi's Misty,30,80,3000,50000,5,35
Delphinium Delphi's Moonlight,30,80,3000,50000,5,35
Delphinium Delphi's Pink Power,30,80,3000,50000,5,35
Delphinium Delphi's Power,30,80,3000,50000,5,35
Delphinium Delphi's Secret,30,80,3000,50000,5,35
Delphinium Delphi's Starlight,30,80,3000,50000,5,35
Delphinium elatum,30,80,3000,50000,5,35
Delphinium grandiflorum,30,80,3000,50000,5,35
Delphinium x 'Black Knight',30,80,3000,50000,5,35
Dendrobium aggregatum,30,85,2000,20000,8,35
Dendrobium bigibbum,30,85,2000,20000,8,35
Dendrobium kingianum,30,85,2000,20000,8,35
Dendrobium loddigesii,30,85,2000,20000,8,35
Dendrobium loddigesii Rolfe,30,85,2000,20000,8,35
Dendrobium nobile,30,85,2000,25000,8,35
Dendrobium officinale,30,85,2500,25000,8,35
Dendrobium victoriae reginae,30,85,2000,20000,8,35
Dianthus barbatus,30,80,2200,60000,4,35
Dianthus barbatus L.,30,80,2200,60000,4,35
Dianthus Carpet F1 'Crimson',30,80,2200,60000,4,35
Dianthus Carpet F1 'Oriental',30,80,2200,60000,4,35
Dianthus Carpet F1 'Rose',30,80,2200,60000,4,35
Dianthus Carpet F1 'Snow',30,80,2200,60000,4,35
Dianthus caryophyllus,30,80,3000,60000,8,32
Dianthus chinensis,30,80,2200,60000,4,35
Dianthus deltoides,30,80,2200,60000,4,35
Dianthus gratianopolitanus,30,80,2200,60000,4,35
Dianthus plumarius,30,80,2200,60000,4,35
Dianthus Telstar F1 'Burgundy',30,80,2200,60000,4,35
Dianthus Telstar F1 'Carmine Rose',30,80,2200,60000,4,35
Dianthus Telstar F1 'Coral',30,80,2200,60000,4,35
Dianthus Telstar F1 'Crimson',30,80,2200,60000,4,35
Dianthus Telstar F1 'Picotee',30,80,2200,60000,4,35
Dianthus Telstar F1 'Salmon',30,80,2200,60000,4,35
Dianthus Telstar F1 pink,30,80,2200,60000,4,35
Dianthus Telstar F1 purple,30,80,2200,60000,4,35
Dianthus Telstar F1 Purple Picotee,30,80,2200,60000,4,35
Dianthus Telstar F1 white,30,80,2200,60000,4,35
Dicentra eximia,30,80,2000,50000,8,32
Dicentra spectabilis 'Gold Heart',30,80,2000,50000,8,32
Dieffenbachia 'Big Ben',30,85,2000,25000,12,32
Dieffenbachia maculata,30,85,1500,25000,12,32
Digitalis grandiflora,30,80,3000,50000,5,35
Digitalis lutea,30,80,3000,50000,5,35
Digitalis mertonensis,30,80,3000,50000,5,35
Digitalis obscura,30,80,3000,50000,5,35
Digitalis purpurea,30,80,3000,50000,5,35
Digitalis x fulva,30,80,3000,50000,5,35
Dolichothele longimamma,15,80,3000,100000,8,35
Dracaena sanderiana,30,85,800,25000,10,32
Dracaena sanderiana 'Golden Edey',30,85,800,25000,10,32
Dracaena sanderiana 'Silver Edey',30,85,800,25000,10,32
Dracula simia,30,85,800,25000,8,32
Duranta erecta,30,80,3000,60000,5,35
Dypsis lutescens,30,85,2000,35000,10,35
Echeveia 'Black Prince',15,80,4000,90000,6,35
Echeveria 'Hakuhou',15,80,3000,110000,6,35
Echeveria 'Hercules',15,80,3800,60000,8,35
Echeveria 'Lola',15,80,3500,75000,5,35
Echeveria 'Monroe',15,80,3000,80000,5,35
Echeveria 'Moon Fairy',15,80,4000,60000,8,35
Echeveria 'Orion',15,80,4000,90000,8,35
Echeveria 'Perle von Nurnberg',15,80,3500,80000,5,35
Echeveria agavoides,15,80,4000,85000,5,35
Echeveria Agavoides cv. Christmas eve,15,80,4000,85000,5,35
Echeveria albicans,15,80,3200,80000,6,35
Echeveria chihuahuaensis,15,80,4000,90000,6,35
Echeveria derenbergii,15,80,2800,80000,6,35
Echeveria elegans 'Alba',15,80,4000,90000,6,35
Echeveria elegans var. kesselringiana,15,80,3500,85000,6,35
Echeveria fiona,15,80,3500,80000,5,35
Echeveria hanatsukiyo,15,80,4000,90000,6,35
Echeveria hongjuanye,15,80,3500,80000,6,35
Echeveria laui,15,80,3000,75000,5,35
Echeveria laui x lindsayana,15,80,3000,75000,5,35
Echeveria Monroe,15,80,3000,80000,5,35
Echeveria peacockii,15,80,3000,90000,5,35
Echeveria prolifica L.,15,80,3800,60000,8,35
Echeveria purpusorum,15,80,2800,80000,5,35
Echeveria purpusorum cv,15,80,2500,70000,5,35
Echeveria runyonii,15,80,3000,90000,5,35
Echeveria setosa,15,80,3500,60000,5,35
Echeveria setosa v. deminuta,15,80,3800,60000,8,35
Echinocactus grusonii,15,80,3000,100000,5,35
Echinocereus engelmannii,15,80,3000,100000,8,35
Echinopsis mamillosa,15,80,3000,100000,5,35
Echinopsis oxygona,15,80,3000,100000,8,35
Echinopsis tubiflora,15,80,3000,100000,5,35
Eden deep purple,30,80,3000,50000,5,32
Eichhornia crassipes,30,80,2500,60000,8,37
Encephalartos arenarius,30,85,3500,65000,6,32
Encephalartos inopinus,30,85,3500,65000,6,32
Epidendrum secundum red,30,85,1500,35000,5,32
Epidendrum secundum yellow,30,85,1500,35000,5,32
Epiphyllum anguliger,30,80,2000,25000,6,35
Epiphyllum oxypetalum,30,80,2000,25000,6,35
Epipremnum aureum,30,85,500,12000,10,32
Epipremnum aureum 'Giant',30,85,500,12000,10,32
Epipremnum aureum 'Golden Pothos',30,85,500,12000,10,32
Espostoa lanata,15,80,3000,100000,8,35
Espostoa melanostele,15,80,3000,100000,8,35
Euphorbia horrida,15,80,3000,100000,5,35
Euphorbia milii,30,80,2500,70000,8,35
Euphorbia pulcherrima,30,80,4000,30000,8,35
Eustoma Carmen F1 blue,30,80,2200,60000,8,32
Eustoma Carmen F1 Blue Rim,30,80,2200,60000,8,32
Eustoma Carmen F1 Deep Pink,30,80,2200,60000,8,32
Eustoma Carmen F1 Ivory,30,80,2200,60000,8,32
Eustoma Carmen F1 Lilac,30,80,2200,60000,8,32
Eustoma Carmen F1 rose,30,80,2200,60000,8,32
Eustoma grandiflorum,30,80,2200,60000,8,32
Eustoma grandiflorum Echo Blue F1,30,80,2200,60000,8,32
Eustoma Rosie F1 'Rose Picotee',30,80,2200,60000,8,32
Eustoma Rosie F1 Lavender Blue,30,80,2200,60000,8,32
Eustoma Rosie F1 pink,30,80,2200,60000,8,32
Eustoma Rosie F1 white,30,80,2200,60000,8,32
Fatsia japonica,30,85,1200,20000,8,35
Faucaria boschiana,15,80,3500,60000,5,35
Fenestraria aurantiaca,15,80,2500,65000,5,35
Ferocactus chrysacanthus,15,80,3000,100000,5,35
Ferocactus cylindraceus,15,80,3000,100000,8,35
Ferocactus emoryi,15,80,3000,100000,5,35
Ferocactus glaucescens,15,80,3000,100000,5,35
Ferocactus gracilis,15,80,3000,100000,5,35
Ferocactus histrix,15,80,3000,100000,5,35
Ferocactus latispinus,15,80,3000,100000,5,35
Ferocactus latispinus var. spiralis,15,80,3000,100000,5,35
Ferocactus peninsulae,15,80,3000,100000,5,35
Ferocactus pilosus,15,80,3000,100000,5,35
Ferocactus robustus,15,80,3000,100000,5,35
Ficus elastica,30,85,1000,30000,10,35
Fittonia verschaffeltii,30,85,500,26000,10,35
Fittonia verschaffeltii var. argyroneura,30,85,500,26000,10,35
Forsythia ovata,30,80,3000,60000,5,35
Forsythia suspensa,30,80,3000,60000,5,35
Forsythia x intermedia,30,80,3000,60000,5,35
Fragaria moschata,40,80,4000,60000,8,32
Fragaria vesca,40,80,4000,60000,8,32
Fragaria virginiana,40,80,4000,60000,8,32
Fragaria x ananassa,40,80,4000,60000,8,32
Freesia 'pink fountain',15,80,3000,30000,5,35
Freesia 'texas',15,80,3000,30000,5,35
Freesia 'vivaldi',15,80,3000,30000,5,35
Freesia x,15,80,3000,30000,5,35
Gasteraloe beguinii,15,80,3500,65000,8,35
Gasteria gracilis var. minima,15,80,3500,30000,5,35
Geralton wax maya,30,80,3000,50000,5,32
Geralton wax orchid,30,80,3000,50000,5,32
Gladioli 'advance',30,80,3000,60000,5,32
Gladioli 'alexander the great',30,80,3000,60000,5,32
Gladioli 'alpha',30,80,3000,60000,5,32
Gladioli 'amsterdam',30,80,3000,60000,5,32
Gladioli 'antica',30,80,3000,60000,5,32
Gladioli 'astarta',30,80,3000,60000,5,32
Gladioli 'bananarama',30,80,3000,60000,5,32
Gladioli 'beaujour',30,80,3000,60000,5,32
Gladioli 'beijing',30,80,3000,60000,5,32
Gladioli 'belladonna',30,80,3000,60000,5,32
Gladioli 'ben venuto',30,80,3000,60000,5,32
Gladioli 'berloiz',30,80,3000,60000,5,32
Gladioli 'black star',30,80,3000,60000,5,32
Gladioli 'black suprise',30,80,3000,60000,5,32
Gladioli 'blue mountain',30,80,3000,60000,5,32
Gladioli 'Bonfire',30,80,3000,60000,5,32
Gladioli 'brahms',30,80,3000,60000,5,32
Gladioli 'caramelo',30,80,3000,60000,5,32
Gladioli 'chanson',30,80,3000,60000,5,32
Gladioli 'chinon',30,80,3000,60000,5,32
Gladioli 'columbus',30,80,3000,60000,5,32
Gladioli 'Cream Perfection',30,80,3000,60000,5,32
Gladioli 'deepest red',30,80,3000,60000,5,32
Gladioli 'essential',30,80,3000,60000,5,32
Gladioli 'esta bonita',30,80,3000,60000,5,32
Gladioli 'fado',30,80,3000,60000,5,32
Gladioli 'forta rosa',30,80,3000,60000,5,32
Gladioli 'gleurovision',30,80,3000,60000,5,32
Gladioli 'green point',30,80,3000,60000,5,32
Gladioli 'green star',30,80,3000,60000,5,32
Gladioli 'helena',30,80,3000,60000,5,32
Gladioli 'honkong',30,80,3000,60000,5,32
Gladioli 'ice cap',30,80,3000,60000,5,32
Gladioli 'internet',30,80,3000,60000,5,32
Gladioli 'invitatie',30,80,3000,60000,5,32
Gladioli 'Miss Green',30,80,3000,60000,5,32
Gladioli 'Mon Amour',30,80,3000,60000,5,32
Gladioli 'Prima Verde',30,80,3000,60000,5,32
Gladioli 'Roma',30,80,3000,60000,5,32
Gladioli 'Route Du Soleil',30,80,3000,60000,5,32
Gladioli 'Snowdon',30,80,3000,60000,5,32
Graptopetalum 'Mirinae',15,80,3000,75000,5,35
Graptopetalum amethystinum,15,80,3000,80000,6,35
Graptopetalum paraguayense,15,80,3000,90000,8,35
Graptosedum 'Francesco Baldi',15,80,3000,75000,5,35
Graptoveria 'Debbie',15,80,4000,90000,6,35
Graptoveria 'Silver star',15,80,3500,80000,5,35
Graptoveria Gilva,15,80,3500,80000,5,35
Greenovia aizoon,15,80,2500,75000,6,35
Greenovia diplocycla var.gigantea,15,80,2500,75000,6,35
Guy white,30,80,3000,50000,5,32
Guzmania lingulata,30,85,800,27000,10,37
Guzmania lingulata 'Red Star',30,85,800,27000,10,37
Guzmania lingulata 'Scarlet Star',30,85,800,27000,10,37
Gymnocalycium baldianum,15,80,3000,100000,5,35
Gymnocalycium horstii,15,80,3000,100000,5,35
Gymnocalycium mihanovichii,15,80,3000,100000,8,35
Gymnocalycium saglionis,15,80,3000,100000,5,35
Gypsophila 'Andromeda',30,80,2500,45000,10,32
Gypsophila 'Beauty Bride',30,80,2500,45000,10,32
Gypsophila 'Million Stars',30,80,2500,45000,10,32
Gypsophila 'My Pink',30,80,2500,45000,10,32
Gypsophila 'White Victoria',30,80,2500,45000,10,32
Gypsophila 'XLence',30,80,2500,45000,10,32
Gypsophila paniculata,30,80,2500,45000,10,32
Hatiora gaertneri,15,80,2000,55000,5,35
Hatiora salicornioides,15,80,3000,100000,5,35
Haworthia cooperi,15,80,900,25000,6,35
Haworthia cooperi 'Variegata',15,80,900,25000,6,35
Haworthia cooperi var. truncata,15,80,900,25000,6,35
Haworthia cooperivar,15,80,900,25000,6,35
Haworthia cymbiformis,15,80,3500,30000,5,35
Haworthia cymbiformis var.transiens,15,80,900,25000,6,35
Haworthia cymbiformis var.triebnet poelln,15,80,1500,25000,5,35
Haworthia fasciata,15,80,2500,55000,5,35
Haworthia limifolia,15,80,3500,50000,5,35
Haworthia obtusa f. truncata,15,80,900,25000,6,35
Haworthia retusa,15,80,1500,25000,5,35
Haworthia retusa var. riyuetan,15,80,1000,25000,5,35
Haworthia truncata,15,80,2000,40000,5,35
Helianthus annuus 'Full Sun Improved',30,80,4200,130000,8,35
Helianthus annuus 'Tiffany',30,80,4200,130000,8,35
Helianthus Premier F1 Lemon,30,80,4200,130000,8,35
Helianthus Premier F1 Light Yellow,30,80,4200,130000,8,35
Helianthus Premier F1 orange,30,80,4200,130000,8,35
Helianthus Sunrich F1 'Orange',30,80,4200,130000,8,35
Helianthus Sunrich Summer F1 'Limoncello Summer',30,80,4200,130000,8,35
Hemerocallis fulva,30,80,1800,25000,8,35
Hemerocallis middendorffii,30,80,1800,25000,8,35
Heteromeles arbutifolia,30,80,3000,50000,5,35
Hibiscus mutabilis,30,80,3000,60000,8,35
Hibiscus rosa sinensis,30,80,2500,55000,5,35
Hibiscus rosa sinensis 'Cheerleader Clear Yellow',30,80,2500,55000,5,35
Hibiscus rosa sinensis 'Cheerleader Light red',30,80,2500,55000,5,35
Hibiscus rosa sinensis 'Cheerleader Orange',30,80,2500,55000,5,35
Hibiscus rosa sinensis 'Cheerleader Red',30,80,2500,55000,5,35
Hibiscus rosa sinensis 'Cheerleader White Pink eye',30,80,2500,55000,5,35
Hibiscus syriacus,30,80,2500,60000,5,35
Hot pink late,30,80,3000,50000,5,32
Hylocereus undatus,15,80,800,80000,5,35
Ipomoea indica,30,80,3000,60000,5,35
Ipomoea purpurea,30,80,3000,60000,5,35
Ipomoea tricolor,30,80,3000,60000,5,35
Kalanchoe daigremontiana,15,80,3200,80000,8,35
Kalanchoe serrata,15,80,3200,80000,8,35
Kalanchoe tubifdia,15,80,3200,80000,8,35
Light yellow Phalaenopsis,30,85,2000,30000,15,32
Lobivia arachnacantha,15,80,3000,100000,8,35
Lophophora williamsii,15,80,3000,100000,5,35
Mammillaria albilanata,15,80,3000,100000,5,35
Mammillaria bombycina,15,80,3000,100000,5,35
Mammillaria hahniana,15,80,3000,100000,5,35
Mammillaria magnimamma,15,80,3000,100000,5,35
Mammillaria marksiana,15,80,3000,100000,5,35
Mammillaria microhelia,15,80,3000,100000,5,35
Mammillaria plumosa,15,80,3000,100000,5,35
Mammillaria spinosissima,15,80,3000,100000,5,35
Maya white,30,80,3000,50000,5,32
Michal pink,30,80,3000,50000,5,32
Miltoniopsis orchid,30,85,800,30000,8,32
Mimosa pudica,30,85,2000,50000,12,35
Mini rose,30,80,3000,60000,8,35
Mini rose 'Amazing Jewel',30,80,3000,60000,8,35
Mini rose 'Baby Jewel',30,80,3000,60000,8,35
Mini rose 'Bling Chili Star',30,80,3000,60000,8,35
Mini rose 'Bling Love Star',30,80,3000,60000,8,35
Mini rose 'Bling Orange Star',30,80,3000,60000,8,35
Mini rose 'Bright Cupido',30,80,3000,60000,8,35
Mini rose 'Cherry Cupido',30,80,3000,60000,8,35
Mini rose 'Cherry Ricco Amorina',30,80,3000,60000,8,35
Mini rose 'Corn Jewel',30,80,3000,60000,8,35
Mini rose 'Cricket Amorina',30,80,3000,60000,8,35
Mini rose 'Desert Ovation',30,80,3000,60000,8,35
Mini rose 'Flamingo Jewel',30,80,3000,60000,8,35
Mini rose 'Giro Amorina',30,80,3000,60000,8,35
Mini rose 'Gletsjer Ovation',30,80,3000,60000,8,35
Mini rose 'Hippie Star',30,80,3000,60000,8,35
Mini rose 'Hot Jewel',30,80,3000,60000,8,35
Mini rose 'Icy Jewel',30,80,3000,60000,8,35
Mini rose 'Indian Jewel',30,80,3000,60000,8,35
Mini rose 'Joy Ricco Amorina',30,80,3000,60000,8,35
Mini rose 'Lady Star',30,80,3000,60000,8,35
Mini rose 'Lipstick Jewel',30,80,3000,60000,8,35
Mini rose 'Lovely Jewel',30,80,3000,60000,8,35
Mini rose 'Magenta Jewel',30,80,3000,60000,8,35
Mini rose 'Ocean Ovation',30,80,3000,60000,8,35
Mini rose 'Orange Jewel',30,80,3000,60000,8,35
Mini rose 'Paint Star',30,80,3000,60000,8,35
Mini rose 'Pink Ricco Amorina',30,80,3000,60000,8,35
Mini rose 'Pink Star',30,80,3000,60000,8,35
Mini rose 'Polar Ovation',30,80,3000,60000,8,35
Mini rose 'Prairie Ovation',30,80,3000,60000,8,35
Mini rose 'Purple Jewel',30,80,3000,60000,8,35
Mini rose 'Rally Amorina',30,80,3000,60000,8,35
Mini rose 'Red Ricco Amorina',30,80,3000,60000,8,35
Mini rose 'Roland Garros Amorina',30,80,3000,60000,8,35
Mini rose 'Rosa Terrazza Carmen',30,80,3000,60000,8,35
Mini rose 'Rosa Terrazza Cerise',30,80,3000,60000,8,35
Mini rose 'Rosa Terrazza Clear',30,80,3000,60000,8,35
Mini rose 'Rosa Terrazza Comet',30,80,3000,60000,8,35
Mini rose 'Rosa Terrazza Enya',30,80,3000,60000,8,35
Mini rose 'Rosa Terrazza Fiesta',30,80,3000,60000,8,35
Mini rose 'Rosa Terrazza Fragrance',30,80,3000,60000,8,35
Mini rose 'Rosa Terrazza Golden',30,80,3000,60000,8,35
Mini rose 'Rosa Terrazza Happy',30,80,3000,60000,8,35
Mini rose 'Rosa Terrazza Joy',30,80,3000,60000,8,35
Mini rose 'Rosa Terrazza Juicy',30,80,3000,60000,8,35
Mini rose 'Rosa Terrazza Jupiter',30,80,3000,60000,8,35
Mini rose 'Rosa Terrazza Lemon',30,80,3000,60000,8,35
Mini rose 'Rosa Terrazza Mars',30,80,3000,60000,8,35
Mini rose 'Rosa Terrazza Meteor',30,80,3000,60000,8,35
Mini rose 'Rosa Terrazza Nena',30,80,3000,60000,8,35
Mini rose 'Rosa Terrazza Neptune',30,80,3000,60000,8,35
Mini rose 'Rosa Terrazza Nova',30,80,3000,60000,8,35
Mini rose 'Rosa Terrazza Pretty',30,80,3000,60000,8,35
Mini rose 'Rosa Terrazza Pure',30,80,3000,60000,8,35
Mini rose 'Rosa Terrazza Purple',30,80,3000,60000,8,35
Mini rose 'Rosa Terrazza Saturnus',30,80,3000,60000,8,35
Mini rose 'Rosa Terrazza Tender',30,80,3000,60000,8,35
Mini rose 'Royal White Optima',30,80,3000,60000,8,35
Mini rose 'Safari Star',30,80,3000,60000,8,35
Mini rose 'Salmon Star',30,80,3000,60000,8,35
Mini rose 'Savanna Ovation',30,80,3000,60000,8,35
Mini rose 'Shiny Cupido',30,80,3000,60000,8,35
Mini rose 'Snow Star',30,80,3000,60000,8,35
Mini rose 'Sparkling Jewel',30,80,3000,60000,8,35
Mini rose 'Steppe Ovation',30,80,3000,60000,8,35
Mini rose 'Sunny Jewel',30,80,3000,60000,8,35
Mini rose 'Sunny Star',30,80,3000,60000,8,35
Mini rose 'Sweet Cupido',30,80,3000,60000,8,35
Mini rose 'Sweet Star',30,80,3000,60000,8,35
Mini rose 'Terra Ovation',30,80,3000,60000,8,35
Mini rose 'Tundra Ovation',30,80,3000,60000,8,35
Mini rose 'Twinny Cupido',30,80,3000,60000,8,35
Mini rose 'Violet Jewel',30,80,3000,60000,8,35
Mini rose 'Vulcanic Ovation',30,80,3000,60000,8,35
Mini rose 'White Jewel',30,80,3000,60000,8,35
Mini rose 'White Star',30,80,3000,60000,8,35
Mini rose 'Yellow Ovation',30,80,3000,60000,8,35
Mini rose 'Yellow Star',30,80,3000,60000,8,35
Mixed color mini rose,30,80,3000,60000,8,35
Monstera deliciosa,30,85,800,15000,12,32
Monstera friedrichsthalii,30,85,800,15000,12,32
Murraya paniculata,30,85,2200,55000,8,32
Myosotis scorpioides,30,80,2200,60000,8,32
Myosotis sylvatica,30,80,2200,60000,8,32
Myrtillocactus geometrizans,15,80,3000,100000,8,35
Nandina domestica,30,85,1500,45000,8,35
Nandina domestica 'Firepower',30,85,1500,50000,8,35
Narcissus 'Abba',30,80,2500,30000,6,32
Narcissus 'Accent',30,80,2500,30000,6,32
Narcissus 'Acropolis',30,80,2500,30000,6,32
Narcissus 'Actea',30,80,2500,30000,6,32
Narcissus 'Alpino Glow',30,80,2500,30000,6,32
Narcissus 'Amadeus Mozart',30,80,2500,30000,6,32
Narcissus 'Angels Eyes',30,80,2500,30000,6,32
Narcissus 'Apothese',30,80,2500,30000,6,32
Narcissus 'Apricot Wirl',30,80,2500,30000,6,32
Narcissus 'Arkle',30,80,2500,30000,6,32
Narcissus 'Art Design',30,80,2500,30000,6,32
Narcissus 'Avalance',30,80,2500,30000,6,32
Narcissus 'Avalon',30,80,2500,30000,6,32
Narcissus 'Baby Boomer',30,80,2500,30000,6,32
Narcissus 'Bella Estrella',30,80,2500,30000,6,32
Narcissus 'Bellsong',30,80,2500,30000,6,32
Narcissus 'Border Beauty',30,80,2500,30000,6,32
Narcissus 'Bridal Crown',30,80,2500,30000,6,32
Narcissus 'Canarybird',30,80,2500,30000,6,32
Narcissus 'Centannees',30,80,2500,30000,6,32
Narcissus 'Changing Colors',30,80,2500,30000,6,32
Narcissus 'Charlotte',30,80,2500,30000,6,32
Narcissus 'Chit Chat',30,80,2500,30000,6,32
Narcissus 'Copper Queen',30,80,2500,30000,6,32
Narcissus 'Desdemona',30,80,2500,30000,6,32
Narcissus 'Double Gold Medal',30,80,2500,30000,6,32
Narcissus 'Dutch Master',30,80,2500,30000,6,32
Narcissus 'Every Day',30,80,2500,30000,6,32
Narcissus 'Fashion Parade',30,80,2500,30000,6,32
Narcissus 'Flower Parade',30,80,2500,30000,6,32
Narcissus 'Flowerdrift',30,80,2500,30000,6,32
Narcissus 'Gentle Giant',30,80,2500,30000,6,32
Narcissus 'Geranium',30,80,2500,30000,6,32
Narcissus 'Glen Clova',30,80,2500,30000,6,32
Narcissus 'Golden Bells',30,80,2500,30000,6,32
Narcissus 'Golden Ducat',30,80,2500,30000,6,32
Narcissus 'Grand Soleil Dor',30,80,2500,30000,6,32
Narcissus 'Hawera',30,80,2500,30000,6,32
Narcissus 'Hoopoe',30,80,2500,30000,6,32
Narcissus 'Hungarian Rhapsody',30,80,2500,30000,6,32
Narcissus 'Ice Follies',30,80,2500,30000,6,32
Narcissus 'Ice King',30,80,2500,30000,6,32
Narcissus 'Ice Wings',30,80,2500,30000,6,32
Narcissus 'Jack Snipe',30,80,2500,30000,6,32
Narcissus 'Jetfire',30,80,2500,30000,6,32
Narcissus 'Juanita',30,80,2500,30000,6,32
Narcissus 'Kokopelli',30,80,2500,30000,6,32
Narcissus 'Lingerie',30,80,2500,30000,6,32
Narcissus 'Loth Lorien',30,80,2500,30000,6,32
Narcissus 'Manly',30,80,2500,30000,6,32
Narcissus 'Marjorie Hine',30,80,2500,30000,6,32
Narcissus 'Pop Eye',30,80,2500,30000,6,32
Narcissus 'Replete',30,80,2500,30000,6,32
Narcissus 'Taurus',30,80,2500,30000,6,32
Nelumbo nucifera,30,85,3000,95000,8,40
Neofinetia falcata,30,85,800,25000,8,32
Neoregelia carolinae 'var. tricolor',30,85,800,27000,10,37
Nidularium innocentii,30,85,800,27000,10,37
Nir,30,80,3000,50000,5,32
Nir light pink early,30,80,3000,50000,5,32
Notocactus uebelmannianus,15,80,3000,100000,5,35
Obregonia denegrii,15,80,3000,100000,5,35
Ocimum basilicum,30,80,2500,60000,8,32
Oncidium hybridum,30,85,800,25000,8,32
Opuntia chlorotica,15,80,3000,100000,8,35
Opuntia engelmannii,15,80,3000,100000,8,35
Opuntia microdasys,15,80,3000,100000,8,35
Opuntia spp.,15,80,3000,100000,5,35
Opuntia vulgaris,15,80,3000,100000,8,35
Orange mini rose,30,80,3000,60000,8,35
Oreocereus celsianus,15,80,3000,100000,8,35
Ornamental Cucumis sativus,30,80,3200,75000,6,35
Ornithogalum dubium,30,85,1500,25000,12,32
Ornithogalum saundersiae,30,85,1500,25000,12,32
Ornithogalum umbellatum,30,85,1500,25000,12,32
Orostachys boehmeri,15,80,4000,80000,5,35
Osmanthus delavayi,30,80,1500,60000,10,35
Osmanthus fragrans,30,80,1500,60000,10,35
Osmanthus fragrans cv.'rixianggui',30,80,1500,65000,10,35
Osmanthus fragrans var. aurantiacus,30,80,1500,60000,10,35
Osmanthus fragrans var. latifolius,30,80,1500,60000,10,35
Osmanthus fragrans var. semperflorens,30,80,1500,60000,10,35
Osmanthus fragrans var. thunbergii,30,80,1500,60000,10,35
Othonna capensis,15,80,3500,60000,8,35
Oxalis crassipes,30,80,1800,37000,3,35
Oxalis triangularis,30,80,2000,40000,3,35
Oxydendrum arboreum,30,80,3000,50000,5,35
Pachira macrocarpa,30,85,1200,40000,10,32
Pachycereus pringlei,15,80,3000,100000,8,35
Pachyphytum 'Dr Cornelius',15,80,3500,80000,5,35
Pachyphytum compactum,15,80,3500,80000,5,35
Pachyphytum cv.Momobijin,15,80,3200,65000,8,35
Pachyphytum oviferum,15,80,3500,80000,5,35
Pachyveria 'Glauca',15,80,3500,80000,5,35
Pachyveria pachytoides,15,80,3000,85000,6,35
Paeonia delavayi,30,80,2000,50000,8,32
Paeonia mascula,30,80,2000,50000,8,32
Paeonia officinalis,30,80,2000,50000,8,32
Paeonia peregrina,30,80,2000,50000,8,32
Paeonia rockii,30,80,2000,50000,8,32
Paeonia suffruticosa,30,80,2000,50000,8,32
Paeonia suffruticosa ' Coral Charm',30,80,2000,50000,8,32
Paeonia suffruticosa 'Angel Cheeks',30,80,2000,50000,8,32
Paeonia suffruticosa 'Big Ben',30,80,2000,50000,8,32
Paeonia suffruticosa 'Duchesse de Nemours',30,80,2000,50000,8,32
Paeonia suffruticosa 'Pillow Talk',30,80,2000,50000,8,32
Paeonia suffruticosa 'Red Charm',30,80,2000,50000,8,32
Paeonia tenuifolia,30,80,2000,50000,8,32
Pailulacaria afra var.foliis variegatis,15,80,3500,85000,8,35
Pale pink mini rose,30,80,3000,60000,8,35
Parodia magnifica,15,80,3000,100000,5,35
Parthenocissus henryana,30,85,1100,30000,8,35
Parthenocissus quinquefolia,30,85,1100,30000,8,35
Parthenocissus tricuspidata,30,85,1100,30000,8,35
Pelargonium 'Angel Eyes',30,80,3000,60000,8,32
Pelargonium Black Velvet F1 'Coral',30,80,3000,60000,8,32
Pelargonium Black Velvet F1 'pink',30,80,3000,60000,8,32
Pelargonium Black Velvet F1 'rose',30,80,3000,60000,8,32
Pelargonium Black Velvet F1 'Salmon',30,80,3000,60000,8,32
Pelargonium Black Velvet F1 'Scarlet',30,80,3000,60000,8,32
Pelargonium cordifolium,30,80,3000,60000,8,32
Pelargonium graveolens,30,80,3000,60000,8,32
Pelargonium sidoides,30,80,3000,60000,8,32
Pelargonium x domesticum 'Aztec',30,80,3000,60000,8,32
Pelargonium x fragrans,30,80,3000,60000,8,32
Pelargonium x hortorum,30,80,3000,60000,8,32
Pelargonium x hortorum Bailey,30,80,3000,60000,8,32
Pelargonium x peltatum,30,80,3000,60000,8,32
Pelargonium zonale,30,80,3000,60000,8,32
Peperomia 'Honey jasper',30,85,500,20000,10,32
Peperomia rotundifolia,30,85,800,35000,10,32
Peperomia tetraphylla L.,30,85,800,20000,10,32
Perilla frutescens,30,80,3500,60000,8,35
Petunia 'African Sunset',30,80,3000,60000,5,35
Petunia Opera Supreme F1 'Coral',30,80,3000,60000,5,35
Petunia Opera Supreme F1 'Lilac Ice',30,80,3000,60000,5,35
Petunia Opera Supreme F1 'Pink Morn',30,80,3000,60000,5,35
Petunia Opera Supreme F1 'Raspberry Ice Imp',30,80,3000,60000,5,35
Petunia Opera Supreme F1 blue,30,80,3000,60000,5,35
Petunia Opera Supreme F1 Lavender,30,80,3000,60000,5,35
Petunia Opera Supreme F1 Light Blue,30,80,3000,60000,5,35
Petunia Opera Supreme F1 Purple,30,80,3000,60000,5,35
Petunia Opera Supreme F1 Red,30,80,3000,60000,5,35
Petunia Opera Supreme F1 white,30,80,3000,60000,5,35
Petunia Trilogy F1 blue,30,80,3000,60000,5,35
Petunia Trilogy F1 Deep Purple,30,80,3000,60000,5,35
Petunia Trilogy F1 Lavender Pink,30,80,3000,60000,5,35
Petunia Trilogy F1 Purple,30,80,3000,60000,5,35
Petunia Trilogy F1 red,30,80,3000,60000,5,35
Petunia Trilogy F1 Rose,30,80,3000,60000,5,35
Petunia Trilogy F1 scarlet,30,80,3000,60000,5,35
Petunia Trilogy F1 white,30,80,3000,60000,5,35
Petunia x hybrida,30,80,3000,60000,5,35
Phaius tankervilleae,30,85,800,25000,8,32
Phalaenopsis,30,85,2000,30000,15,32
Phalaenopsis 'Aberdeen',30,85,2000,30000,15,32
Phalaenopsis 'Akita',30,85,2000,30000,15,32
Phalaenopsis 'Alassio',30,85,2000,30000,15,32
Phalaenopsis 'Alghero',30,85,2000,30000,15,32
Phalaenopsis 'Alicante',30,85,2000,30000,15,32
Phalaenopsis 'Amsterdam',30,85,2000,30000,15,32
Phalaenopsis 'Andorra',30,85,2000,30000,15,32
Phalaenopsis 'Antalya',30,85,2000,30000,15,32
Phalaenopsis 'Bahia Blanca',30,85,2000,30000,15,32
Phalaenopsis 'Basel',30,85,2000,30000,15,32
Phalaenopsis 'Beaumont',30,85,2000,30000,15,32
Phalaenopsis 'Beijing',30,85,2000,30000,15,32
Phalaenopsis 'Belem',30,85,2000,30000,15,32
Phalaenopsis 'Bellinzona',30,85,2000,30000,15,32
Phalaenopsis 'Benidorm',30,85,2000,30000,15,32
Phalaenopsis 'Bloomington',30,85,2000,30000,15,32
Phalaenopsis 'Bombay',30,85,2000,30000,15,32
Phalaenopsis 'Bordeaux',30,85,2000,30000,15,32
Phalaenopsis 'Boston',30,85,2000,30000,15,32
Phalaenopsis 'Brisbane',30,85,2000,30000,15,32
Phalaenopsis 'Bristol',30,85,2000,30000,15,32
Phalaenopsis 'Bucharest',30,85,2000,30000,15,32
Phalaenopsis 'Budapest',30,85,2000,30000,15,32
Phalaenopsis 'Buenos Aires',30,85,2000,30000,15,32
Phalaenopsis 'Buffalo',30,85,2000,30000,15,32
Phalaenopsis 'Cagliari',30,85,2000,30000,15,32
Phalaenopsis 'Calgary',30,85,2000,30000,15,32
Phalaenopsis 'Cali',30,85,2000,30000,15,32
Phalaenopsis 'Cambridge',30,85,2000,30000,15,32
Phalaenopsis 'Cancun',30,85,2000,30000,15,32
Phalaenopsis 'Candela',30,85,2000,30000,15,32
Phalaenopsis 'Cape Town',30,85,2000,30000,15,32
Phalaenopsis 'Casablanca',30,85,2000,30000,15,32
Phalaenopsis 'Catalina',30,85,2000,30000,15,32
Phalaenopsis 'Chanu',30,85,2000,30000,15,32
Phalaenopsis 'Chengdu',30,85,2000,30000,15,32
Phalaenopsis 'Chiangmai',30,85,2000,30000,15,32
Phalaenopsis 'Chicago',30,85,2000,30000,15,32
Phalaenopsis 'Cleveland',30,85,2000,30000,15,32
Phalaenopsis 'Colombo',30,85,2000,30000,15,32
Phalaenopsis 'Copenhagen',30,85,2000,30000,15,32
Phalaenopsis 'Dallas',30,85,2000,30000,15,32
Phlox divaricata,15,80,2200,30000,8,32
Phlox drummondii,15,80,2200,30000,8,32
Phlox stolonifera,15,80,2200,30000,8,32
Phnom Penh Chlorophytum,30,85,500,30000,10,32
Photinia glabra,30,80,3000,50000,5,35
Photinia serrulata,30,80,3000,50000,5,35
Photinia x fraseri,30,80,3000,50000,5,35
Pink Anthurium andraeanum,30,85,1500,35000,15,32
Pink mini rose,30,80,3000,60000,8,35
Pittosporum eugenioides,30,85,2800,20000,5,35
Pittosporum glabratum var. neriifolium,30,85,2800,20000,5,35
Pittosporum phillyreoides,30,85,2800,20000,5,35
Pittosporum tenuifolium,30,85,2800,20000,5,35
Pittosporum tobira,30,85,2800,20000,5,35
Plectranthus hadiensis var. tomentosus,15,80,2800,35000,8,35
Plectranthus scutellarioides,30,85,3600,50000,10,35
Polyscias fruticosa,30,85,2000,8000,8,32
Polyscias guifoylei,30,85,1200,25000,8,32
Portulaca grandiflora,30,80,3000,100000,6,35
Portulaca molokiniensis,15,80,2000,60000,5,35
Portulaca oleracea,30,80,3000,100000,6,35
Portulacaria afra,15,80,3500,85000,8,35
Primula beesiana,30,80,2200,30000,6,32
Primula bulleyana,30,80,2200,30000,6,32
Primula capitata,30,80,2200,30000,6,32
Primula denticulata,30,80,2200,30000,6,32
Primula elatior,30,80,2200,30000,6,32
Primula florindae,30,80,2200,30000,6,32
Primula japonica,30,80,2200,30000,6,32
Primula malacoides,30,80,2200,30000,6,32
Primula obconica,30,80,2200,30000,6,32
Primula polyantha,30,80,2200,30000,6,32
Primula rosea,30,80,2200,30000,6,32
Primula vialii,30,80,2200,30000,6,32
Primula vulgaris,30,80,2200,30000,6,32
Protea,30,85,2500,60000,7,35
Protea 'Banksia',30,85,2500,60000,7,35
Protea 'Barbigera Snow Queen',30,85,2500,60000,7,35
Protea 'Barbigera',30,85,2500,60000,7,35
Protea 'Bot River Barbigera',30,85,2500,60000,7,35
Protea 'Brenda',30,85,2500,60000,7,35
Protea 'Candida',30,85,2500,60000,7,35
Protea 'Cardinal',30,85,2500,60000,7,35
Protea 'Carnival',30,85,2500,60000,7,35
Protea 'Compacta',30,85,2500,60000,7,35
Protea 'Cynaroides Red Rex',30,85,2500,60000,7,35
Protea 'Cynaroides White',30,85,2500,60000,7,35
Protea 'cynaroides',30,85,2500,60000,7,35
Protea 'Exima',30,85,2500,60000,7,35
Protea 'Grandiceps',30,85,2500,60000,7,35
Protea 'Guerna',30,85,2500,60000,7,35
Protea 'Ivy',30,85,2500,60000,7,35
Protea 'Julia',30,85,2500,60000,7,35
Protea 'King Protea',30,85,2500,60000,7,35
Protea 'Lady Di',30,85,2500,60000,7,35
Protea 'Liebencherry',30,85,2500,60000,7,35
Protea 'Lime Light',30,85,2500,60000,7,35
Protea 'Madiba',30,85,2500,60000,7,35
Protea 'Mundii',30,85,2500,60000,7,35
Protea 'Nana',30,85,2500,60000,7,35
Protea 'Nerifolia',30,85,2500,60000,7,35
Protea 'Niobe',30,85,2500,60000,7,35
Protea 'Pink Duke',30,85,2500,60000,7,35
Protea 'Pink Ice',30,85,2500,60000,7,35
Protea 'Pityphylla',30,85,2500,60000,7,35
Protea 'Red Repens',30,85,2500,60000,7,35
Protea 'Robijn',30,85,2500,60000,7,35
Protea 'Scoly',30,85,2500,60000,7,35
Protea 'Sheila',30,85,2500,60000,7,35
Protea 'Susara',30,85,2500,60000,7,35
Protea 'Sylvia',30,85,2500,60000,7,35
Protea 'Venus',30,85,2500,60000,7,35
Protea 'Waratah',30,85,2500,60000,7,35
Protea 'White Repens',30,85,2500,60000,7,35
Protea cynaroides,30,85,2500,60000,7,35
Protea cynaroides K.,30,85,2500,60000,7,35
Protea eximia,30,85,2500,60000,7,35
Protea magnifica,30,85,2500,60000,7,35
Prunus armeniaca,30,80,3200,70000,6,35
Prunus incisa,30,80,3000,50000,5,35
Prunus mume,30,80,3000,60000,6,32
Prunus mume var.typica Chinnabar Purple Form,30,80,3000,65000,5,35
Prunus persica,30,80,2500,60000,5,35
Prunus persica 'Atropurpurea',30,80,2500,65000,5,35
Prunus persica Chrysanthemoides,30,80,2500,60000,5,35
Prunus sargentii,30,80,3000,50000,5,35
Prunus serrulata,30,80,3000,50000,5,35
Prunus spp.,30,80,3000,50000,5,35
Prunus subhirtella,30,80,3000,50000,5,35
Prunus yedoensis,30,80,3000,50000,5,35
Puya chilensis,30,85,800,27000,10,37
Red Fittonia verschaffeltii,30,85,500,26000,10,35
Red mini rose,30,80,3000,60000,8,35
Rhododendron degronianum,30,80,3000,50000,5,35
Rieger begonia,30,85,2000,18000,15,32
Rohdea japonica,30,85,1200,25000,12,32
Roni white,30,80,3000,50000,5,32
Rose red mini rose,30,80,3000,60000,8,35
Rotem violet,30,80,3000,50000,5,32
Sedum dasyphyllum,15,80,3200,75000,5,35
Sinocrassula yunnanensis,15,80,3800,60000,8,35
Stenocereus thurberi,15,80,3000,100000,8,35
Stetsonia coryne,15,80,3000,100000,8,35
Symplocos paniculata,15,80,3000,100000,8,35
Thunbergia alata Bojer et Sims,30,80,3000,60000,5,35
Thunbergia erecta,30,80,3000,60000,5,35
Thunbergia grandiflora,30,80,3000,60000,5,35
Tibouchina lepidota,30,80,2000,50000,8,32
Tillandsia cyanea,30,85,800,27000,10,37
Tradescantia spathacea,30,85,1500,25000,12,32
Trinidad Moruga Scorpion,30,80,3500,120000,10,35
Turbinicarpus pseudopectinatus,15,80,2000,70000,8,35
Vriesea poelmannii,30,85,800,27000,10,37
Wax purple,30,80,3000,50000,5,32
Yellow Crocus spp.,30,80,2500,30000,6,35
Yellow mini rose,30,80,3000,60000,8,35
